{
  "project_info": {
    "project_number": "539379157515",
    "firebase_url": "https://loginactiiivity.firebaseio.com",
    "project_id": "loginactiiivity",
    "storage_bucket": "loginactiiivity.appspot.com"
  },
  "client": [
    {
      "client_info": {
        "mobilesdk_app_id": "1:539379157515:android:604b98aafca7d614",
        "android_client_info": {
          "package_name": "com.loginactivity.india"
        }
      },
      "oauth_client": [
        {
          "client_id": "539379157515-6moubf2epoij0c3onv9al10ta7n8litk.apps.googleusercontent.com",
          "client_type": 3
        }
      ],
      "api_key": [
        {
          "current_key": "AIzaSyDOvuwkUHkAQ7AtKAiTwRGJcDF6vpH7ds8"
        }
      ],
      "services": {
        "analytics_service": {
          "status": 1
        },
        "appinvite_service": {
          "status": 1,
          "other_platform_oauth_client": []
        },
        "ads_service": {
          "status": 2
        }
      }
    }
  ],
  "configuration_version": "1"
}